actor_a,actor_b,links
Kevin Bacon,Ho Wang,7.
Kevin Bacon,Ji-ha Han,7.
Kevin Bacon,Chun-jeon Sang,7.
Kevin Bacon,Shan Chin,7.
Kevin Bacon,Yoo-haeng Kim,7.
Kevin Bacon,Po-dong Nam,7.
Kevin Bacon,Yang-Geun Park,7.
Kevin Bacon,Jing Wu,6.
Kevin Bacon,Yuko Harada,6.
Kevin Bacon,Han Woo-ri,6.
Kevin Bacon,猪野又健,6.
Kevin Bacon,Jessica Ángeles,6.
Kevin Bacon,Qian Kaiyang,5.
Kevin Bacon,Xu Weiqiang,5.
Kevin Bacon,Gina Martire,5.
Kevin Bacon,Trần Hạnh,5.
Kevin Bacon,Leone Vivante,5.
Kevin Bacon,James Comedia,5.
Kevin Bacon,Jake Adrian Flores,5.
Kevin Bacon,Erik Dave Calzada,5.
Kevin Bacon,Ariel Migallen,5.
Kevin Bacon,Melvin Reguero,5.
Kevin Bacon,Joseph Jon Perez,5.
Kevin Bacon,Lloyd Abesia,5.
Kevin Bacon,Yuri Myron Adolfo,5.
Kevin Bacon,Imperial Virgil,5.
Kevin Bacon,Nicole Endrano,5.
Kevin Bacon,May Romero,5.
Kevin Bacon,Wren Mendez,5.
Kevin Bacon,Efren June Flaminia,5.
Kevin Bacon,Meng Li,5.
Kevin Bacon,David Colegado,5.
Kevin Bacon,John Montecillo,5.
Kevin Bacon,Suso Meilan,5.
Kevin Bacon,Verónica Quintana,5.
Kevin Bacon,Martin Toso,5.
Kevin Bacon,Suzana Cardozo,5.
Kevin Bacon,Irene Maria da Silva,5.
Kevin Bacon,Annelise Julio-Costa,5.
Kevin Bacon,Léontine EBANETHE,5.
Kevin Bacon,DEUTCHE,5.
Kevin Bacon,Régis MASSIMBA,5.
Kevin Bacon,Nadine MBAZOGHO NGUEMA,5.
Kevin Bacon,Jocelyn OBAME,5.
Kevin Bacon,Ariel DASSILVA,5.
Kevin Bacon,Ludovic TIRACHE,5.
Kevin Bacon,Karlene MAGANGA,5.
Kevin Bacon,Khady YADE,5.
Kevin Bacon,Christophe MATSIMA,5.
Kevin Bacon,Judicael PEFOUKA,5.
Kevin Bacon,Gildas OWONDO MENGUE,5.
Kevin Bacon,Farhan Hadi,5.
Kevin Bacon,Dimbo Atiya,5.
Kevin Bacon,Tracy Idonije Adebo,5.
Kevin Bacon,Kayode Aiyegbusi,5.
Kevin Bacon,Jide Attah,5.
Kevin Bacon,Bingjun Zhang,5.
Kevin Bacon,Aslanbek Zikreev,5.
Kevin Bacon,Ariel Sexton,5.
Kevin Bacon,Benjamin Voortmans,5.
Kevin Bacon,Owen Corder,5.
Kevin Bacon,Anaïs Pardo,5.
Kevin Bacon,Mason Hewett,5.
Kevin Bacon,Charlotte Büscher,5.
Kevin Bacon,Éric F. Soares,5.
Kevin Bacon,Antonio Soares,5.
Kevin Bacon,Andrea Ferraguti,5.
Kevin Bacon,Carlo Rizzelli,5.
Kevin Bacon,Gabriele Zinelli,5.
Kevin Bacon,Armando Mezzadri,5.
Kevin Bacon,Evan Pope,5.
Kevin Bacon,Christophe Jasinski,5.
Kevin Bacon,Tuuganbay Abdiev,5.
Kevin Bacon,Maria Bergenfalk,5.
Kevin Bacon,Sadrakh Yefta,5.
Kevin Bacon,Freeman Obi,5.
Kevin Bacon,Michael Uchegbu,5.
Kevin Bacon,Whit Whitfield,5.
Kevin Bacon,Daniel Ibarra,5.
Kevin Bacon,Savannah Weeks,5.
Kevin Bacon,Aidan O'Sullivan,5.
Kevin Bacon,Chen Fangchao,4.
Kevin Bacon,Liu Huaizheng,4.
Kevin Bacon,Lu Xi,4.
Kevin Bacon,Paul-Robert Mimet,4.
Kevin Bacon,Sareh Aryan,4.
Kevin Bacon,Philippe Dreux,4.
Kevin Bacon,Marcel Darbaud,4.
Kevin Bacon,Arthur Le Bau,4.
Kevin Bacon,Ye Wang,4.
Kevin Bacon,Galina Shabanova,4.
Kevin Bacon,Elijah Edwards,4.
Kevin Bacon,Beatriz Carillo,4.
Kevin Bacon,José Ignacio Diez,4.
Kevin Bacon,Natalia Martínez,4.
Kevin Bacon,Sarah Wischmann,4.
Kevin Bacon,Valon Jakupaj,4.
Kevin Bacon,Indra Aksa,4.
Kevin Bacon,Harris Soedarto,4.
Kevin Bacon,Jauhar Robert,4.
Kevin Bacon,Phú Thăng,4.
Kevin Bacon,Trung Hiếu,4.
Kevin Bacon,Nguyễn Tiến Minh Nhật,4.
Kevin Bacon,Đới Anh Quân,4.
Kevin Bacon,Triệu Trung Kiên,4.
Kevin Bacon,Faishal Tanjung,4.
Kevin Bacon,Asyraf Jamal,4.
Kevin Bacon,Caecilia Dili,4.
Kevin Bacon,Gunawan Setiawan,4.
Kevin Bacon,Yusef N. Suherman,4.
Kevin Bacon,Daniel Biisgaard Thomasen,4.
Kevin Bacon,Tobias Klinge Knudsen,4.
Kevin Bacon,Mattias de Castro,4.
Kevin Bacon,Sinan Turkmen,4.
Kevin Bacon,Iselin Levy Thomsen,4.
Kevin Bacon,Kian Elmgren,4.
Kevin Bacon,Louise Kaas,4.
Kevin Bacon,Agnes Mikkeline Hansen,4.
Kevin Bacon,Sari,4.
Kevin Bacon,Andreas Weiland,4.
Kevin Bacon,Shahla Arbabi,4.
Kevin Bacon,John Cardale,4.
Kevin Bacon,Dilys Ferguson,4.
Kevin Bacon,Alba Vivante,4.
Kevin Bacon,Dennis Brillante,4.
Kevin Bacon,Fengxu Zhang,4.
Kevin Bacon,Violette Mallet,4.
Kevin Bacon,Chen Jinghua,4.
Kevin Bacon,Mika Castrén,4.
Kevin Bacon,Arttu Tyni,4.
Kevin Bacon,Aarne Siiro,4.
Kevin Bacon,Anette Mäki,4.
Kevin Bacon,Kenichi Ishikawa,4.
Kevin Bacon,Yû Suo,4.
Kevin Bacon,Yukihara Yamaguchi,4.
Kevin Bacon,Seiji Yamane,4.
Kevin Bacon,Ilse Lang,4.
Kevin Bacon,Eva Tawasoli,4.
Kevin Bacon,Harry Talledo,4.
Kevin Bacon,Rachelle Remulta,4.
Kevin Bacon,"Robert ""Burtz"" Rolian",4.
Kevin Bacon,Kevin Alcontin,4.
Kevin Bacon,Seiji Nakamura,4.
Kevin Bacon,Dana Hall,4.
Kevin Bacon,Constanza Fiardi Mazza,4.
Kevin Bacon,Darío Sobrado,4.
Kevin Bacon,Freddy Duer,4.
Kevin Bacon,Liliana Espinal,4.
Kevin Bacon,Bob Stewart,4.
Kevin Bacon,Jake Milton,4.
Kevin Bacon,Cheryl Abernathy,4.
Kevin Bacon,Leslie Ann Banfitch,4.
Kevin Bacon,Sunnyboy Dladla,4.
Kevin Bacon,Sarah Brady,4.
Kevin Bacon,Li Xiaofeng,4.
Kevin Bacon,Zhao Lingqi,4.
Kevin Bacon,Ali Sabet,4.
Kevin Bacon,Firouz Behjat Mohammadi,4.
Kevin Bacon,Laura Manns,4.
Kevin Bacon,James Godwin,4.
Kevin Bacon,Joel Alvarez,4.
Kevin Bacon,Malcolm Gordon,4.
Kevin Bacon,Amir Albazi,4.
Kevin Bacon,Roman Dolidze,4.
Kevin Bacon,Ratna Listy,4.
Kevin Bacon,Indana Chayara,4.
Kevin Bacon,Roman D'Man,4.
Kevin Bacon,Rully Ramadhani,4.
Kevin Bacon,Will Marshall,4.
Kevin Bacon,Li Kun,4.
Kevin Bacon,Engin Akın,4.
Kevin Bacon,Nadire Özkan,4.
Kevin Bacon,Yang Guangrui,4.
Kevin Bacon,Demid Avdonin,4.
Kevin Bacon,Pablo Fernández,4.
Kevin Bacon,Lore Binon,4.
Kevin Bacon,Mattia Bortuzzo,4.
Kevin Bacon,Paolo Facchinetti,4.
Kevin Bacon,Roberto Fagiolo,4.
Kevin Bacon,Nello Marcuzzi,4.
Kevin Bacon,Alfredo Martini,4.
Kevin Bacon,Vincenzo Salvatorelli,4.
Kevin Bacon,Angela Sovran,4.
Kevin Bacon,Enrico Spitaleri,4.
Kevin Bacon,Nava Hemyari,4.
Kevin Bacon,Jadwiga Wysoczanská,4.
Kevin Bacon,Tian Guangcai,4.
Kevin Bacon,Rui Yamazaki,4.
Kevin Bacon,Ruilin Jiang,4.
Kevin Bacon,E. Memalia,4.
Kevin Bacon,Martyna Zozula,4.
Kevin Bacon,Aleksandr Vedernikov,4.
Kevin Bacon,Rolandas Rapalas,4.
Kevin Bacon,Vladislav Romanovsky,4.
Kevin Bacon,Nilton de Bodt,4.
Kevin Bacon,Egor Nikonov,4.
Kevin Bacon,Tyler Ernster,4.
Kevin Bacon,Nazareno Hurtado,4.
Kevin Bacon,Josephina Sieswera,4.
Kevin Bacon,Takemoto Yusuke,4.
Kevin Bacon,Miho Konishi,4.
Kevin Bacon,Rudolf Kokeš,4.
Kevin Bacon,Sebastian Dürre,4.
Kevin Bacon,Sarah Stuyling de Lange,4.
Kevin Bacon,Joydev Dhar,4.
Kevin Bacon,Seo Mi-kyeong,4.
Kevin Bacon,Li Dongyu,4.
Kevin Bacon,Lu Sixi,4.
Kevin Bacon,Sydney Eberwein,4.
Kevin Bacon,Oluwaseyi Awolowo,4.
Kevin Bacon,Christopher Edwards,4.
Kevin Bacon,Dorothy Cubby,4.
Kevin Bacon,Alex Haines,4.
Kevin Bacon,Linden Binge,4.
Kevin Bacon,Lauren McGrady,4.
Kevin Bacon,Talisa Lara Schmid,4.
Kevin Bacon,Walter Bandeira,4.
Kevin Bacon,Heitarô Inoo,4.
Kevin Bacon,Yuri Hirasawa,4.
Kevin Bacon,Lin Ke,4.
Kevin Bacon,Jason Soto,4.
Kevin Bacon,Jui Wang,4.
Kevin Bacon,Harnaaz Kaur Sandhu,4.
Kevin Bacon,Lucas Noziglia,4.
Kevin Bacon,Julieta Mattheus,4.
Kevin Bacon,Kaori Tanizaki,4.
Kevin Bacon,Spandana Patanaik,4.
Kevin Bacon,Koray Kuru,4.
Kevin Bacon,Rosario Sannino,4.
Kevin Bacon,Katarína Virová,4.
Kevin Bacon,Hugo Rieth,4.
Kevin Bacon,Tomoko Taka,4.
Kevin Bacon,Anouar Kasmi,4.
Kevin Bacon,Bilge Yalçinkaya,4.
Kevin Bacon,Paquito Villa,4.
Kevin Bacon,Rental F. Dabu,4.
Kevin Bacon,Alfredo F. Dabu,4.
Kevin Bacon,Lita Muñez,4.
Kevin Bacon,Martin Mica,4.
Kevin Bacon,Vasilije Veselinovic,4.
Kevin Bacon,نور الهدى صبري,4.
Kevin Bacon,Ebtisam Hussain,4.
Kevin Bacon,هيفاء حسين,4.
Kevin Bacon,Paquito Villa,4.
Kevin Bacon,Alena Štinglicová,4.
Kevin Bacon,Randall Lakefish,4.
Kevin Bacon,Chloé Groussard,4.
Kevin Bacon,Tito Garces,4.
Kevin Bacon,Maria Galvão,4.
Kevin Bacon,Jefferson Oliveira,4.
Kevin Bacon,Sage Evans,4.
Kevin Bacon,Tõnu Tamm,4.
Kevin Bacon,Naël Kaced,4.
Kevin Bacon,Mike A. Olsen,4.
Kevin Bacon,Mike A. Olsen,4.
Kevin Bacon,Joost Huisman,4.
Kevin Bacon,Kagiso Kasper,4.
Kevin Bacon,Joep Spruijt,4.
Kevin Bacon,Pien Spruijt,4.
Kevin Bacon,Huey Deesom,4.
Kevin Bacon,Edward Ward,4.
Kevin Bacon,Jim Gregory,4.
Kevin Bacon,Jack Cassada,4.
Kevin Bacon,Tyler Baum,4.
Kevin Bacon,Abby Bricker,4.
Kevin Bacon,Gabriel Holmberg,4.
Kevin Bacon,Ross Tinney,4.
Kevin Bacon,Jiří Sika,4.
Kevin Bacon,Joey Hogins,4.
Kevin Bacon,Vinod Pandit,4.
Kevin Bacon,Sandeep Gill,4.
Kevin Bacon,Long Long,4.
Kevin Bacon,Harald Merseburg,4.
Kevin Bacon,Kiko Beans,4.
Kevin Bacon,TyHeem Harris,4.
Kevin Bacon,Camille Beaurain,4.
Kevin Bacon,Lisa Ruez,4.
Kevin Bacon,Angèle Morgan,4.
Kevin Bacon,Margot Heckmann,4.
Kevin Bacon,Liam Mcilduff,4.
Kevin Bacon,Chakrit Rumphol,4.
Kevin Bacon,Anshita Anand,4.
Kevin Bacon,Fabio Marchisio,4.
Kevin Bacon,Guru Sani,4.
Kevin Bacon,Suharti,4.
Kevin Bacon,Djarot B Dharsono,4.
Kevin Bacon,Denzyl Y Dharma,4.
Kevin Bacon,Gumnani Bhavesh,4.
Kevin Bacon,Ferdinand List,4.
Kevin Bacon,فتحي القطان,4.
Kevin Bacon,محمد عبدالأمير,4.
Kevin Bacon,Carolina Pinto,4.
Kevin Bacon,Hani mojtahedy,4.
Kevin Bacon,Vonny,4.
Kevin Bacon,Cahit sahin yalcin,4.
Kevin Bacon,Bangen ali,4.
Kevin Bacon,Yinka Davies,4.
Kevin Bacon,Obi Maduegbuna,4.
Kevin Bacon,Kim Hyun-joong,4.
Kevin Bacon,Joe Kearney,4.
Kevin Bacon,Qing Sun,4.
Kevin Bacon,Laras Chims,4.
Kevin Bacon,Datuk Tambase,4.
Kevin Bacon,Aliya Buffonge,4.
Kevin Bacon,Akins Subair,4.
Kevin Bacon,Joseph Mason-Coombs,4.
Kevin Bacon,Paulo de Alencar,4.
Kevin Bacon,Ilvi Rahmi,4.
Kevin Bacon,Sam Dixon,4.
Kevin Bacon,Ari Poteh Locomotive,4.
Kevin Bacon,Sharon P. A. Napiun,4.
Kevin Bacon,Pak Bonte,4.
Kevin Bacon,Ucok,4.
Kevin Bacon,Rudy Kucrut,4.
Kevin Bacon,"Harry ""Somad""",4.
Kevin Bacon,Rojali,4.
Kevin Bacon,Prabu,4.
Kevin Bacon,Lusi,4.
Kevin Bacon,Argi DFC,4.
Kevin Bacon,Detalia Indriati,4.
Kevin Bacon,P.M. Toh,4.
Kevin Bacon,Anggun Septia,4.
Kevin Bacon,Agus Dharminto,4.
Kevin Bacon,Dewi Zoepana,4.
Kevin Bacon,Juan Dini,4.
Kevin Bacon,Shahaila,4.
Kevin Bacon,Gagandeep Singh,4.
Kevin Bacon,Andrew Rink,4.
Kevin Bacon,Alexander Whitover,4.
Kevin Bacon,Lai Hun,4.
Kevin Bacon,Danny Christie,4.
Kevin Bacon,工藤和子,4.
Kevin Bacon,宮崎ふみえ,4.
Kevin Bacon,Nana Okada,4.
Kevin Bacon,Masatoshi Furusawa,4.
Kevin Bacon,Rina Takamizawa,4.
Kevin Bacon,Thúy Hằng,4.
Kevin Bacon,Jeremiah Rosario,4.
Kevin Bacon,Manuela González,4.
Kevin Bacon,İsmail Saraçoğlu,4.
Kevin Bacon,Öykü Altuntaş,4.
Kevin Bacon,Shigehiro Morio,4.
Kevin Bacon,Mark,4.
Kevin Bacon,Min Ah,4.
Kevin Bacon,Tautrimas Rupulevičius,4.
Kevin Bacon,Honesty Cunningham,4.
Kevin Bacon,Ikeem Boseman,4.
Kevin Bacon,Julieta María Borgna,4.
Kevin Bacon,Ding Chin,4.
Kevin Bacon,İhsan İmer,4.
Kevin Bacon,Tom,4.
Kevin Bacon,Heliana Sinaga,4.
Kevin Bacon,Magalih Darga,4.
Kevin Bacon,Toyosin adesanya,4.
Kevin Bacon,Testimony adetunji,4.
Kevin Bacon,Kazeem afolabi,4.
Kevin Bacon,Azeez adebowale,4.
Kevin Bacon,Francis Montilla,4.
Kevin Bacon,Alpana Das,4.
Kevin Bacon,Fabiola FY Gerung,4.
Kevin Bacon,Pooja Dahale,4.
Kevin Bacon,Jijoy Pulikal,4.
Kevin Bacon,Mary Hayward,4.
Kevin Bacon,Diane Fourès,4.
Kevin Bacon,Livy Andriany,4.
Kevin Bacon,Aimee,4.
Kevin Bacon,Pierre DJ,4.
Kevin Bacon,程琤,4.
Kevin Bacon,Katariina Autio,4.
Kevin Bacon,Benito Cordero,4.
Kevin Bacon,Margaret Thompson,4.
Kevin Bacon,Mat Oli,4.
Kevin Bacon,Mike Suga,4.
Kevin Bacon,Luca Borsos,4.
Kevin Bacon,Zsigmond Hajdu,4.
Kevin Bacon,Gáspár Téri,4.
Kevin Bacon,Fok Suet-Yee,4.
Kevin Bacon,Siu Lan-Ying,4.
Kevin Bacon,Hoh Lai-Man,4.
Kevin Bacon,Pak Lan-Fong,4.
Kevin Bacon,Wong Kim-Po,4.
Kevin Bacon,Kristina Kuzmina,4.
Kevin Bacon,Yasuhiro Ishii,4.
Kevin Bacon,Anastasia Levordashka,4.
Kevin Bacon,Mirela Karabancheva,4.
Kevin Bacon,Lilianne,4.
Kevin Bacon,Umer Ahmad,4.
Kevin Bacon,Satsuki Nakamura,4.
Kevin Bacon,Maizy Coombes,4.
Kevin Bacon,Brodie Baldwin,4.
Kevin Bacon,Alex Flynn,4.
Kevin Bacon,Baki İlhan,4.
Kevin Bacon,Ercüment Fidan,4.
Kevin Bacon,Yigitcan Ergin,4.
Kevin Bacon,Nikoleta Stavridou,4.
Kevin Bacon,Selçuk Yapar,4.
Kevin Bacon,Burcu Özkanca,4.
Kevin Bacon,Marcy Parmenter,4.
Kevin Bacon,Lydia Lowe,4.
Kevin Bacon,Irene Barbugli,4.
Kevin Bacon,Teja Kakumanu,3.
Kevin Bacon,Dylan Milo,3.
Kevin Bacon,Guo Fazeng,3.
Kevin Bacon,Vedat Gültekin,3.
Kevin Bacon,Shilo Moulton,3.
Kevin Bacon,Vladimir Lyutzkanov,3.
Kevin Bacon,Stefan Sarchadzhiev,3.
Kevin Bacon,Ryleigh Rogers,3.
Kevin Bacon,Raj Babbar,3.
Kevin Bacon,Paul Rome,3.
Kevin Bacon,Drew Campbell,3.
Kevin Bacon,Michael Signorelli,3.
Kevin Bacon,Jordan Biagomala,3.
Kevin Bacon,Roos Marii Tamm,3.
Kevin Bacon,John Dalton,3.
Kevin Bacon,John Gosling,3.
Kevin Bacon,Mikk Oad,3.
Kevin Bacon,Marten Saaremets,3.
Kevin Bacon,Rick Cornette,3.
Kevin Bacon,Massoudzadegan,3.
Kevin Bacon,Paul Wagner,3.
Kevin Bacon,Bryan Arias,3.
Kevin Bacon,Neil Smals,3.
Kevin Bacon,Francesco Bianconi,3.
Kevin Bacon,Ryan Murillo,3.
Kevin Bacon,Albina Morina,3.
Kevin Bacon,Arafat Budakova,3.
Kevin Bacon,Jetmir Bajraktari,3.
Kevin Bacon,Baton Bylykbashi,3.
Kevin Bacon,Valentina Mehmetaj,3.
Kevin Bacon,Justine Molod,3.
Kevin Bacon,Bahri Zymberi,3.
Kevin Bacon,Leonora Hajdari,3.
Kevin Bacon,Alberina Guxhuli,3.
Kevin Bacon,Valdrin Krasniqi,3.
Kevin Bacon,Mehedin Selimi,3.
Kevin Bacon,Gzim Bajrami,3.
Kevin Bacon,Ylber Bajrami,3.
Kevin Bacon,Isa Camaj,3.
Kevin Bacon,Fitim Saqipi,3.
Kevin Bacon,Emir Lati,3.
Kevin Bacon,Ganimete Krasniqi,3.
Kevin Bacon,Fitore Krasniqi,3.
Kevin Bacon,Shaip Haziri,3.
Kevin Bacon,Fatmire Veseli,3.
Kevin Bacon,Gjon Duzhmani,3.
Kevin Bacon,Driton Selimi,3.
Kevin Bacon,Egzon Gerguri,3.
Kevin Bacon,Sahit Sekiraqa,3.
Kevin Bacon,Kerli Kyllönen,3.
Kevin Bacon,Maryana Cherenkova,3.
Kevin Bacon,Antti Lauri,3.
Kevin Bacon,Patrick Byrnes,3.
Kevin Bacon,Alex Terrier-Thiebaux,3.
Kevin Bacon,Muhamed Gashi,3.
Kevin Bacon,Oltion Budakova,3.
Kevin Bacon,Arita Bytyqi,3.
Kevin Bacon,Lupe Naranjo,3.
Kevin Bacon,Lupita Naranjo,3.
Kevin Bacon,Alicia Cortez Games,3.
Kevin Bacon,Delia Lemus Perez,3.
Kevin Bacon,Alicia Games Hurtado,3.
Kevin Bacon,Consuelo Torres Cortez,3.
Kevin Bacon,Marisela Martinez,3.
Kevin Bacon,Gustavo Lemus,3.
Kevin Bacon,Juana Murillo,3.
Kevin Bacon,Jose Antonio Madrigal,3.
Kevin Bacon,Agustin Madrigal Carlos,3.
Kevin Bacon,Antonio Madrigal Carlos,3.
Kevin Bacon,Juan Bautista Vicente,3.
Kevin Bacon,Alvaro Lemus,3.
Kevin Bacon,Jose Heredia,3.
Kevin Bacon,Klodian Bajraktari,3.
Kevin Bacon,Roberto C. Naranjo,3.
Kevin Bacon,Lidia Lopez,3.
Kevin Bacon,Adem Zhitopotoku,3.
Kevin Bacon,Avni Lushtaku,3.
Kevin Bacon,Florim Kleqka,3.
Kevin Bacon,Kenan Gurgurovci,3.
Kevin Bacon,Fatmir Haliti,3.
Kevin Bacon,Dafina Dauti,3.
Kevin Bacon,Anita Morina,3.
Kevin Bacon,Ukë Gecaj,3.
Kevin Bacon,Blin Budakova,3.
Kevin Bacon,Alban Budakova,3.
Kevin Bacon,Hanna Reidmar,3.
Kevin Bacon,Andreas Åslund,3.
Kevin Bacon,Kerstin Wångstedt,3.
Kevin Bacon,Suzanna Eriksson,3.
Kevin Bacon,Sven-Arne Karlberg,3.
Kevin Bacon,Göran Edvardsson,3.
Kevin Bacon,Roland Martial,3.
Kevin Bacon,Tomasz Piotrowski,3.
Kevin Bacon,Paulina Tworzyańska,3.
Kevin Bacon,Antoni Frycz,3.
Kevin Bacon,Viktor Helmersson,3.
Kevin Bacon,James Bayes,3.
Kevin Bacon,Angelica Blom,3.
Kevin Bacon,Geoffrey Carlassare,3.
Kevin Bacon,Karla Lamouche,3.
Kevin Bacon,Jean-Pierre Bertrand,3.
Kevin Bacon,Madeline Terbasket,3.
Kevin Bacon,Joshua August,3.
Kevin Bacon,Henning Wehke,3.
Kevin Bacon,Leah Day,3.
Kevin Bacon,Tamara Voudrach,3.
Kevin Bacon,Martin Elfström,3.
Kevin Bacon,Gunhild Balkejärn,3.
Kevin Bacon,Gunnar Svenblad,3.
Kevin Bacon,Jan-Ove Johansson,3.
Kevin Bacon,Linus Eriksson,3.
Kevin Bacon,Tobias Alander,3.
Kevin Bacon,Mattias Löfman,3.
Kevin Bacon,Thomas Oskarsson,3.
Kevin Bacon,Allan Villafuerte,3.
Kevin Bacon,Joe Raznack,3.
Kevin Bacon,Valtti Hyvärinen,3.
Kevin Bacon,José Antonio Meroño,3.
Kevin Bacon,Oriol Broggi,3.
Kevin Bacon,Rebecca Holmes,3.
Kevin Bacon,Pururava Rao,3.
Kevin Bacon,Meritxell Sastre,3.
Kevin Bacon,Takeshi Rikio,3.
Kevin Bacon,Akira Taue,3.
Kevin Bacon,Geo Ross,3.
Kevin Bacon,Sukanya Dhanda,3.
Kevin Bacon,Loraine Souta,3.
Kevin Bacon,Carlos Arturo Pinzon,3.
Kevin Bacon,Ornella Piacentini,3.
Kevin Bacon,Haru Bandô,3.
Kevin Bacon,Seiju Kusumi,3.
Kevin Bacon,Merika Koivusalo,3.
Kevin Bacon,Sachie Mizutani,3.
Kevin Bacon,Giancarlo Ferri,3.
Kevin Bacon,Annie Monnier,3.
Kevin Bacon,Hirokazu Kubota,3.
Kevin Bacon,Jake Nyman,3.
Kevin Bacon,Eena-Emerina Toivonen,3.
Kevin Bacon,Tuula Taka-Prami,3.
Kevin Bacon,Taija Nuotio,3.
Kevin Bacon,Timo Savunen,3.
Kevin Bacon,Sami Kilpinen,3.
Kevin Bacon,Drew Smith,3.
Kevin Bacon,Becca Roth,3.
Kevin Bacon,Cris Iglesias,3.
Kevin Bacon,Luke Corcoran,3.
Kevin Bacon,Marybeth Herron,3.
Kevin Bacon,Cristina Ryan,3.
Kevin Bacon,Aidan O Sullivan,3.
Kevin Bacon,Richard Arends,3.
Kevin Bacon,Manmeet Singh,3.
Kevin Bacon,Ernesto Torchia,3.
Kevin Bacon,Yoshihiko Aramaki,3.
Kevin Bacon,Rae Robinson,3.
Kevin Bacon,กพล ทองพลับ,3.
Kevin Bacon,Itsuki Fujiwara,3.
Kevin Bacon,Rick Riblett,3.
Kevin Bacon,Michael S. Olson,3.
Kevin Bacon,Naomi Pierre,3.
Kevin Bacon,Julie Stein Brockway,3.
Kevin Bacon,Aynisa Dunn Leonardo,3.
Kevin Bacon,Vivian Jett Brown,3.
Kevin Bacon,Mayelyn Perdomo Santos,3.
Kevin Bacon,Anurag Biswas,3.
Kevin Bacon,Ludovico Benedetti,3.
Kevin Bacon,Tian Yuan,3.
Kevin Bacon,Miguel Gil,3.
Kevin Bacon,Jon Paterson Parker,3.
Kevin Bacon,Scotty Servis,3.
Kevin Bacon,Christopher Kostolefsky,3.
Kevin Bacon,Zenab Jaber,3.
Kevin Bacon,Vimi,3.
Kevin Bacon,Lindsay Snow,3.
Kevin Bacon,Alex Zane,3.
Kevin Bacon,John Gardner,3.
Kevin Bacon,Danny Reiniger,3.
Kevin Bacon,Victoria Posey,3.
Kevin Bacon,Loren Molloy,3.
Kevin Bacon,Nelson Mas,3.
Kevin Bacon,Mary Burkin,3.
Kevin Bacon,Milton C. Hubatka,3.
Kevin Bacon,Diann Larson,3.
Kevin Bacon,Randy Raymond,3.
Kevin Bacon,Cinthia Marie,3.
Kevin Bacon,Amy Bevilacqua,3.
Kevin Bacon,Bryden Elliott DiGennaro,3.
Kevin Bacon,Rosanna Braida,3.
Kevin Bacon,Charles Toulouse,3.
Kevin Bacon,Anton Vasilyev,3.
Kevin Bacon,Vid Privora,3.
Kevin Bacon,Heiko Ullrich,3.
Kevin Bacon,Laura Falafel,3.
Kevin Bacon,Antonia Jungwirth,3.
Kevin Bacon,Regine Kitzmann,3.
Kevin Bacon,Felix Lohrengel,3.
Kevin Bacon,Anna von zur Mühlen,3.
Kevin Bacon,Annika Peimann,3.
Kevin Bacon,Laura Scozzi,3.
Kevin Bacon,Vasiliy Maksimov,3.
Kevin Bacon,Viktor Novoselskiy,3.
Kevin Bacon,Nikolai Shavykin,3.
Kevin Bacon,Killarney Traynor,3.
Kevin Bacon,Bob Hicks,3.
Kevin Bacon,Marc-Antoine Bastien,3.
Kevin Bacon,Murray Adams,3.
Kevin Bacon,Patrick Allyn,3.
Kevin Bacon,Ian Laperrière,3.
Kevin Bacon,Nancy Mainville,3.
Kevin Bacon,Vincent Lecavalier,3.
Kevin Bacon,Julian Lerma,3.
Kevin Bacon,Mostafa Abdel Salam,3.
Kevin Bacon,Leon Lee,3.
Kevin Bacon,Charlotte Bryan,3.
Kevin Bacon,Noha Ismail,3.
Kevin Bacon,Fahimeh Rastkar,3.
Kevin Bacon,Florence Leclair,3.
Kevin Bacon,Marie-Claude Marleau,3.
Kevin Bacon,Pablo Reinoso,3.
Kevin Bacon,Nad Narimani,3.
Kevin Bacon,Davi Ramos,3.
Kevin Bacon,Mario Nuñez,3.
Kevin Bacon,Robert Vernon,3.
Kevin Bacon,Khadis Ibragimov,3.
Kevin Bacon,Marie Marcos,3.
Kevin Bacon,Angela Arimento,3.
Kevin Bacon,Linda Chouinard,3.
Kevin Bacon,Marie-Anne Dubé,3.
Kevin Bacon,Isabelle Rosa,3.
Kevin Bacon,Marie-Claude Baril,3.
Kevin Bacon,Béatrice Harvey,3.
Kevin Bacon,Geneviève Besnier,3.
Kevin Bacon,Dominique Blain,3.
Kevin Bacon,Harriet Madeley,3.
Kevin Bacon,Karim Abdel Khaleq,3.
Kevin Bacon,Matthew Stradling,3.
Kevin Bacon,Alastair Yates,3.
Kevin Bacon,Noumeda Carbone,3.
Kevin Bacon,Paola Centanni,3.
Kevin Bacon,Tito Martinez,3.
Kevin Bacon,Alexandra Kuznetsova,3.
Kevin Bacon,Simon Awiszio,3.
Kevin Bacon,Ellen Paulos,3.
Kevin Bacon,Harold Hughes,3.
Kevin Bacon,Benoit Bourbonnais,3.
Kevin Bacon,Jean-Sébastien Courchesne,3.
Kevin Bacon,Matteo Morandi,3.
Kevin Bacon,Mario Peron,3.
Kevin Bacon,Sasil Pasos,3.
Kevin Bacon,Claudio Camiciottoli,3.
Kevin Bacon,Avinash Kuri,3.
Kevin Bacon,Visjan Ukcenaj,3.
Kevin Bacon,Nathalie Seiß,3.
Kevin Bacon,Otolindo Lopes,3.
Kevin Bacon,Hélène Fauchère,3.
Kevin Bacon,Sean Clayton,3.
Kevin Bacon,Michael Hoch,3.
Kevin Bacon,Sergey Golikov,3.
Kevin Bacon,Rena Takeda,3.
Kevin Bacon,Miki Mizuno,3.
Kevin Bacon,Zuzanna Wierzbińska,3.
Kevin Bacon,Piotr Dubiel,3.
Kevin Bacon,Natalia Grabowska,3.
Kevin Bacon,Ruslan Verkhovsky,3.
Kevin Bacon,Dj Abdel,3.
Kevin Bacon,Widika Sidmore,3.
Kevin Bacon,Daniel Martin,3.
Kevin Bacon,Justin Jager,3.
Kevin Bacon,Jack Leonard,3.
Kevin Bacon,Giuseppe Baticheeks,3.
Kevin Bacon,Olivia Maiden,3.
Kevin Bacon,Natalie Biggs,3.
Kevin Bacon,Claire Maubert,3.
Kevin Bacon,John Charles Sabain,3.
Kevin Bacon,James Schuman,3.
Kevin Bacon,Denis Trindler,3.
Kevin Bacon,Robin Whitecross,3.
Kevin Bacon,Frederik Klaus,3.
Kevin Bacon,Gabriel Gašpar Bogyay,3.
Kevin Bacon,Michel Duran,3.
Kevin Bacon,Juraj Gáborík,3.
Kevin Bacon,Marián Herdan,3.
Kevin Bacon,Don Morrison,3.
Kevin Bacon,Jérôme Frazer,3.
Kevin Bacon,Ahmed Abu Zeid,3.
Kevin Bacon,Yu Shimamura,3.
Kevin Bacon,Øyvind Trøite,3.
Kevin Bacon,Edvard Lie Aalstad,3.
Kevin Bacon,Edoardo Giannassi,3.
Kevin Bacon,Gianluca Mastrorocco,3.
Kevin Bacon,Anna Parlato,3.
Kevin Bacon,Vincenzo Paudice,3.
Kevin Bacon,Serena Redi,3.
Kevin Bacon,Nunzio Paolo Russo,3.
Kevin Bacon,Giovanni Serni,3.
Kevin Bacon,Ole Christopher Holth,3.
Kevin Bacon,Ivo Sogliano,3.
Kevin Bacon,Achira Theriault,3.
Kevin Bacon,Leelawadee Chiewkan,3.
Kevin Bacon,Onsajee Jirawan,3.
Kevin Bacon,Patcharapon Natreechon,3.
Kevin Bacon,Ratchaya Weerakarn,3.
Kevin Bacon,Noppawan Phetburee,3.
Kevin Bacon,Niels Lian Mildes,3.
Kevin Bacon,Nizam Ergüden,3.
Kevin Bacon,Nunzio Ganci,3.
Kevin Bacon,Ambra Gullà,3.
Kevin Bacon,Gøran Lian Mildes,3.
Kevin Bacon,Michael Kirby,3.
Kevin Bacon,George Naklowyck,3.
Kevin Bacon,Julia Bonomo,3.
Kevin Bacon,Kittinan Tintachart,3.
Kevin Bacon,Kanapong Sukubon,3.
Kevin Bacon,Chris King,3.
Kevin Bacon,Narapart Patumapar,3.
Kevin Bacon,Danai Moongyiaoya,3.
Kevin Bacon,Wanchai Chiaopinoonkij,3.
Kevin Bacon,Travit Janual,3.
Kevin Bacon,Imbi Mannik,3.
Kevin Bacon,Luigi Fiorino,3.
Kevin Bacon,Ryan Hutton,3.
Kevin Bacon,Orla O'Sullivan,3.
Kevin Bacon,Jean Lemuy,3.
Kevin Bacon,Earl Prebezac,3.
Kevin Bacon,Nann Prebezac,3.
Kevin Bacon,Brady Hall,3.
Kevin Bacon,Paul Saussus,3.
Kevin Bacon,Chad Giovanni,3.
Kevin Bacon,Flaminia Mancin,3.
Kevin Bacon,Pedro Pimenta,3.
Kevin Bacon,Maria Laila Fernandez,3.
Kevin Bacon,Stephen Martin,3.
Kevin Bacon,Shereece Storrod,3.
Kevin Bacon,Celia Wickham-Anderson,3.
Kevin Bacon,Lekan Babalola,3.
Kevin Bacon,Jude Rees,3.
Kevin Bacon,Anthony,3.
Kevin Bacon,ryan packer,3.
Kevin Bacon,erin sennett,3.
Kevin Bacon,Bobby Sahni,3.
Kevin Bacon,Katarzyna Sawczuk,3.
Kevin Bacon,Ian Orr,3.
Kevin Bacon,Rosalind Kerr,3.
Kevin Bacon,Dylan Stukator-McMahon,3.
Kevin Bacon,Ken Lutz,3.
Kevin Bacon,Seye Adelekan,3.
Kevin Bacon,Lauren Harris,3.
Kevin Bacon,Thomas Coles,3.
Kevin Bacon,Victor Marcussen,3.
Kevin Bacon,Douglas Léopold,3.
Kevin Bacon,Thedsak Yaemniyom,3.
Kevin Bacon,Álvaro Bayona,3.
Kevin Bacon,Charley Vanportfliet,3.
Kevin Bacon,Charlie Betts,3.
Kevin Bacon,Suraj Dr. Pawar,3.
Kevin Bacon,Pilar Petropoulous,3.
Kevin Bacon,Pamela Sutch,3.
Kevin Bacon,Jakub Wielecki,3.
Kevin Bacon,Miriam Del Rosario,3.
Kevin Bacon,Marita Pateo,3.
Kevin Bacon,Fernando Urdapilleta,3.
Kevin Bacon,Alba Cardilli,3.
Kevin Bacon,Frida Carbonetti,3.
Kevin Bacon,Ryan Kelly,3.
Kevin Bacon,Fátima Severino,3.
Kevin Bacon,Carlos Vasquez,3.
Kevin Bacon,Melita de Leon,3.
Kevin Bacon,Edward Johnson,3.
Kevin Bacon,Ian Wilson,3.
Kevin Bacon,Pedro Ruiz,3.
Kevin Bacon,Line Arnel,3.
Kevin Bacon,Joshua Wilkinson,3.
Kevin Bacon,Kesta Graham,3.
Kevin Bacon,Elizabeth Innes,3.
Kevin Bacon,Martin Szlavy,3.
Kevin Bacon,Isaac,3.
Kevin Bacon,Megan Stewart,3.
Kevin Bacon,Semiray Şentürk,3.
Kevin Bacon,Derya Arslan,3.
Kevin Bacon,Yahya Çelebi,3.
Kevin Bacon,Julien Mikhael,3.
Kevin Bacon,Mert Özçelik,3.
Kevin Bacon,Altan Güney,3.
Kevin Bacon,Hayati Çıtaklar,3.
Kevin Bacon,Thomas Copeland,3.
Kevin Bacon,Rade Radovic,3.
Kevin Bacon,Calvin Jackson,3.
Kevin Bacon,Artinun Junket,3.
Kevin Bacon,Sarawut Siriphet,3.
Kevin Bacon,Dennis Mailu,3.
Kevin Bacon,Alan Selwyn,3.
Kevin Bacon,Yannis Patrac,3.
Kevin Bacon,Suparach Ketsiri,3.
Kevin Bacon,Andy Davis,3.
Kevin Bacon,Cheryl Mercer,3.
Kevin Bacon,Olin Smith,3.
Kevin Bacon,Ross Kearney,3.
Kevin Bacon,Seol Sung-min,3.
Kevin Bacon,Luke Williams,3.
Kevin Bacon,Daniel Watts,3.
Kevin Bacon,Chris Eckert,3.
Kevin Bacon,Andreas Preiß,3.
Kevin Bacon,Lim Hyung-taek,3.
Kevin Bacon,Doreen Pohl,3.
Kevin Bacon,Vladimir Portnov,3.
Kevin Bacon,Jochen Lebelt,3.
Kevin Bacon,Natascha Merckens,3.
Kevin Bacon,Judy Jorell,3.
Kevin Bacon,Daniel Collins,3.
Kevin Bacon,Gert Kniepers,3.
Kevin Bacon,Bob Jones,3.
Kevin Bacon,Jo Whittaker,3.
Kevin Bacon,Bob Jones,3.
Kevin Bacon,Park Yun-ho,3.
Kevin Bacon,Mike James,3.
Kevin Bacon,Olivia Taylor,3.
Kevin Bacon,Nikita Lizunov,3.
Kevin Bacon,Barry Moore,3.
Kevin Bacon,Cody Boccia,3.
Kevin Bacon,Emily Rafala,3.
Kevin Bacon,Ina Baumbach,3.
Kevin Bacon,Zhellany Hernandez,3.
Kevin Bacon,Jannik Lavoie,3.
Kevin Bacon,Chris Lee,3.
Kevin Bacon,Rudi Schmid,3.
Kevin Bacon,Gabriella Kaiser,3.
Kevin Bacon,Joana Seixas,3.
Kevin Bacon,Daniel Martinho,3.
Kevin Bacon,Andrew Fleischer,3.
Kevin Bacon,Xavier Laforesterie,3.
Kevin Bacon,George Alvarez,3.
Kevin Bacon,Francis Romano,3.
Kevin Bacon,Eduardo Albergaria,3.
Kevin Bacon,Mariangela Granelli,3.
Kevin Bacon,Maggie Estep,3.
Kevin Bacon,Terrence C. Burke,3.
Kevin Bacon,Mimoza Azemi,3.
Kevin Bacon,Shkurte Sylejmani,3.
Kevin Bacon,Nicola Donato,3.
Kevin Bacon,Kurt Fitzpatrick,3.
Kevin Bacon,Luís Fernandes,3.
Kevin Bacon,John Kearney Jr.,3.
Kevin Bacon,Tina Moore,3.
Kevin Bacon,Kristian Hanson,3.
Kevin Bacon,Jennifer Mae,3.
Kevin Bacon,Walt Woodson,3.
Kevin Bacon,Reign Burton,3.
Kevin Bacon,Donna D. Davis,3.
Kevin Bacon,Jake Carter,3.
Kevin Bacon,Leïla Belarbi,3.
Kevin Bacon,Virginia Thompson,3.
Kevin Bacon,Roy Patrick,3.
Kevin Bacon,Andrew Gordon,3.
Kevin Bacon,Debbi Dipietro,3.
Kevin Bacon,Garret Albright,3.
Kevin Bacon,Virginia Pieratt,3.
Kevin Bacon,Jackie Harbin,3.
Kevin Bacon,Joe Pazzanese,3.
Kevin Bacon,John Jordan,3.
Kevin Bacon,Arun Balachandran,3.
Kevin Bacon,Tuan Dodge,3.
Kevin Bacon,Shaan Rahman,3.
Kevin Bacon,Robin Fletcher,3.
Kevin Bacon,Neah Gabrielle Chopin,3.
Kevin Bacon,Jesse Wallace Jr.,3.
Kevin Bacon,Dominique Donnarumma,3.
Kevin Bacon,David Reilly,3.
Kevin Bacon,Shay Sweet,3.
Kevin Bacon,China T,3.
Kevin Bacon,Tono,3.
Kevin Bacon,Richard,3.
Kevin Bacon,Samantha Lawless,3.
Kevin Bacon,Alexandra Miles,3.
Kevin Bacon,Nani,3.
Kevin Bacon,Keva Page,3.
Kevin Bacon,Stacey Maxwell,3.
Kevin Bacon,Joi Holmes,3.
Kevin Bacon,Kerry Kollmar,3.
Kevin Bacon,Joan Neel,3.
Kevin Bacon,Patricia O'Reilly,3.
Kevin Bacon,Bin Liu,3.
Kevin Bacon,Charles Hasley,3.
Kevin Bacon,Pedro Ramírez,3.
Kevin Bacon,Gilbert Felmar,3.
Kevin Bacon,François Oloa Biloa,3.
Kevin Bacon,Norm Thoeming,3.
Kevin Bacon,Hollie Harrington,3.
Kevin Bacon,Emiko Gejic,3.
Kevin Bacon,Rafael Miranda,3.
Kevin Bacon,Virginie Verfaille,3.
Kevin Bacon,Véronique Dietschy,3.
Kevin Bacon,Katherine Rose Hall,3.
Kevin Bacon,Yannik Zamboni,3.
Kevin Bacon,Pran,3.
Kevin Bacon,Renata Lerman,3.
Kevin Bacon,Markus Papacosta,3.
Kevin Bacon,Chuck Howard,3.
Kevin Bacon,Paola Giorgi,3.
Kevin Bacon,Darya Sergeeva,3.
Kevin Bacon,Varvara Blinova,3.
Kevin Bacon,Alexey Kaltygin,3.
Kevin Bacon,Clint Dorrington,3.
Kevin Bacon,Robert Zdebski,3.
Kevin Bacon,Ken Sharidan,3.
Kevin Bacon,Max Umer,3.
Kevin Bacon,Meredith Orlow,3.
Kevin Bacon,İbrahim Halil Azak,3.
Kevin Bacon,Andrzej Bakowski,3.
Kevin Bacon,Piotr Mandes,3.
Kevin Bacon,Jordan Charles Walker,3.
Kevin Bacon,Margaretha Dalhamn,3.
Kevin Bacon,Adrienne Danrich,3.
Kevin Bacon,Jorell Williams,3.
Kevin Bacon,Angelina,3.
Kevin Bacon,Xie Changding,3.
Kevin Bacon,Marixa Ramos,3.
Kevin Bacon,Kristine Witongco,3.
Kevin Bacon,Roby Pettit,3.
Kevin Bacon,Dallas Miller,3.
Kevin Bacon,Gabriella Cacciatore,3.
Kevin Bacon,Raf Adame,3.
Kevin Bacon,Sune Mangs,3.
Kevin Bacon,Josh Menning,3.
Kevin Bacon,Suthasinee Phutthinan,3.
Kevin Bacon,Paweesuda Chanket,3.
Kevin Bacon,Julia Courtell,3.
Kevin Bacon,Liliya Roys,3.
Kevin Bacon,Abdalla Amour,3.
Kevin Bacon,Salvador Tinsay,3.
Kevin Bacon,Cy Raymond,3.
Kevin Bacon,Aaron Benjamin,3.
Kevin Bacon,Kallie Loudon,3.
Kevin Bacon,Vincenc Koblitz,3.
Kevin Bacon,Isabela Koblitzová,3.
Kevin Bacon,Jan Kolaja,3.
Kevin Bacon,Olga Kutálková,3.
Kevin Bacon,Jiřina Maturová,3.
Kevin Bacon,Jiřina Merhautová,3.
Kevin Bacon,Magda Hanzlíková,3.
Kevin Bacon,Dagmar Dobrovodská,3.
Kevin Bacon,Antonín Kühnel,3.
Kevin Bacon,Jiří Stehlík,3.
Kevin Bacon,Anan Lee,3.
Kevin Bacon,Kali Racquel,3.
Kevin Bacon,Robert Bassetti,3.
Kevin Bacon,Eini Oshiro,3.
Kevin Bacon,James L. McConkey,3.
Kevin Bacon,Marjorie M. Sanford,3.
Kevin Bacon,Lertchai Phothong,3.
Kevin Bacon,James Howell,3.
Kevin Bacon,Richard Pena,3.
Kevin Bacon,Charlotte Miller,3.
Kevin Bacon,Joseph Palmer,3.
Kevin Bacon,Alfi,3.
Kevin Bacon,mary jennings,3.
Kevin Bacon,Cha Hee,3.
Kevin Bacon,Elizabeth McKewen,3.
Kevin Bacon,Raiwin Sirisatiensakul,3.
Kevin Bacon,Titz Oblan,3.
Kevin Bacon,Torcuato Reyes,3.
Kevin Bacon,Eve Hossner,3.
Kevin Bacon,Chalmers Goodlin,3.
Kevin Bacon,Jorge Guzmán,3.
Kevin Bacon,Earl Garlin,3.
Kevin Bacon,Mei Han,3.
Kevin Bacon,Sedrick Strong,3.
Kevin Bacon,Filip Wyzinski,3.
Kevin Bacon,Violet Myers,3.
Kevin Bacon,Varga Izabella,3.
Kevin Bacon,Zhu Gen,3.
Kevin Bacon,Aaron Bray,3.
Kevin Bacon,Brittany Mcvicker,3.
Kevin Bacon,Jorge Eduardo Acosta Ordonez,3.
Kevin Bacon,Rayma Pérez,3.
Kevin Bacon,Carlos Calero Díaz,3.
Kevin Bacon,Niruka Castellón,3.
Kevin Bacon,Anyeli Constanten,3.
Kevin Bacon,Freddy Gonzalez,3.
Kevin Bacon,Alisson Guerrero,3.
Kevin Bacon,Khaled Kamal,3.
Kevin Bacon,Mathieu Dufresne,3.
Kevin Bacon,Darren Maddox,3.
Kevin Bacon,Jennifer Schaaf,3.
Kevin Bacon,Doug Carpenter,3.
Kevin Bacon,Adam Rihacek,3.
Kevin Bacon,Stephen Peters,3.
Kevin Bacon,Giorgi Sulaberidze,3.
Kevin Bacon,Roba Alaverdashvili,3.
Kevin Bacon,Natia Bzukashvili,3.
Kevin Bacon,Saba Gogoladze,3.
Kevin Bacon,Gogita Sikharulidze,3.
Kevin Bacon,Lika Tsagurishvili,3.
Kevin Bacon,Crispin Swayne,3.
Kevin Bacon,James H. Lagos,3.
Kevin Bacon,Edward Purver,3.
Kevin Bacon,NJ Brown,3.
Kevin Bacon,Kelly Goenner,3.
Kevin Bacon,Zhang Shuai,3.
Kevin Bacon,Zhang Shuai,3.
Kevin Bacon,Jeremy Barker,3.
Kevin Bacon,Benjamin May,3.
Kevin Bacon,David Sherman,3.
Kevin Bacon,Mike Klimo,3.
Kevin Bacon,Lauren Wertz,3.
Kevin Bacon,Jeremy Cracknell,3.
Kevin Bacon,Benedict Green,3.
Kevin Bacon,Martin Baron,3.
Kevin Bacon,Elinor Leslie,3.
Kevin Bacon,Elise McCave,3.
Kevin Bacon,Dre Carrwgton,3.
Kevin Bacon,Laís Dias,3.
Kevin Bacon,Kristjan Reinvee,3.
Kevin Bacon,Elizabeth Riley,3.
Kevin Bacon,Kate Davis,3.
Kevin Bacon,Sarah Howe,3.
Kevin Bacon,Martin Wong,3.
Kevin Bacon,Eve Pancharoen,3.
Kevin Bacon,Ben Newton,3.
Kevin Bacon,Felix Vicious,3.
Kevin Bacon,Charlie Clark,3.
Kevin Bacon,Namchai Junyathitikul,3.
Kevin Bacon,Yeung Lau,3.
Kevin Bacon,Kunikazu Katsumata,3.
Kevin Bacon,Hsiao Hsuan-Ching,3.
Kevin Bacon,Biljana Oyston,3.
Kevin Bacon,Vele Stolevski,3.
Kevin Bacon,Joshua Johnson,3.
Kevin Bacon,Rossella Bolmida,3.
Kevin Bacon,Cesare Dell'Aguzzo,3.
Kevin Bacon,Junaid Khan,3.
Kevin Bacon,Maret Oomer,3.
Kevin Bacon,Leslie La Page,3.
Kevin Bacon,Julie Ann Heck,3.
Kevin Bacon,Sass Visnapuu,3.
Kevin Bacon,Toru Abe,3.
Kevin Bacon,Teele Viira,3.
Kevin Bacon,Mari Torga,3.
Kevin Bacon,Artur Raidmets,3.
Kevin Bacon,Jonathan Miller,3.
Kevin Bacon,Anneli Lahe,3.
Kevin Bacon,Nico Stank,3.
Kevin Bacon,Tomoko Sawaki,3.
Kevin Bacon,Carol Leiste,3.
Kevin Bacon,Johan Elm,3.
Kevin Bacon,Ilo-Ann Saarepera,3.
Kevin Bacon,Jaanus Nuutre,3.
Kevin Bacon,Johannes Richard Sepping,3.
Kevin Bacon,Imbi Türk,3.
Kevin Bacon,Kirill Havanski,3.
Kevin Bacon,Sander Roosimägi,3.
Kevin Bacon,Heather Kodra,3.
Kevin Bacon,Manchán Magan,3.
Kevin Bacon,Tristan Sarapuu,3.
Kevin Bacon,Bia Betty Vallsalu,3.
Kevin Bacon,Andrei Medvedski,3.
Kevin Bacon,Maksim Nikolajev,3.
Kevin Bacon,Taavi Pukk,3.
Kevin Bacon,Mara Babor,3.
Kevin Bacon,Triinu Meriste,3.
Kevin Bacon,Katrin Sutt,3.
Kevin Bacon,Kadri Heinla,3.
Kevin Bacon,Fernando Aguilar,3.
Kevin Bacon,Talvo Rüütelmaa,3.
Kevin Bacon,Jesús Briceño,3.
Kevin Bacon,Al Roberts,3.
Kevin Bacon,Garrett Oneil,3.
Kevin Bacon,Catherine Courtade,3.
Kevin Bacon,Heather Nelson,3.
Kevin Bacon,Kirby Hawell-Baptiste,3.
Kevin Bacon,Anthony Collins,3.
Kevin Bacon,Mark Stoddard,3.
Kevin Bacon,Susan Strough,3.
Kevin Bacon,Vyacheslav Fish,3.
Kevin Bacon,Marianna Tcherkassky,3.
Kevin Bacon,Clark Tippet,3.
Kevin Bacon,Martine Van Hamel,3.
Kevin Bacon,Justin Corrigan,3.
Kevin Bacon,Fernando Bujones,3.
Kevin Bacon,Richard Cragun,3.
Kevin Bacon,Nagi Hasegawa,3.
Kevin Bacon,Pavel Safonov,3.
Kevin Bacon,דוד ורדי,3.
Kevin Bacon,Schalet Jackson,3.
Kevin Bacon,Sidy Fofana,3.
Kevin Bacon,Rico Lopez,3.
Kevin Bacon,Jojit Paredes,3.
Kevin Bacon,חנן סימטאי,3.
Kevin Bacon,Michael Begley,3.
Kevin Bacon,Louie Acosta,3.
Kevin Bacon,Alina Allison,3.
Kevin Bacon,Fredrik Myrberg,3.
Kevin Bacon,Klára Frydrychová,3.
Kevin Bacon,Jessie Terrebonne,2.
Kevin Bacon,Matthew P. Watts,2.
Kevin Bacon,Jeremy Lloyd,2.
Kevin Bacon,Jonathan Barlow,2.
Kevin Bacon,Eddie T Gomez,2.
Kevin Bacon,Troy Waters,2.
Kevin Bacon,Sebastian Vale,2.
Kevin Bacon,Brian Lynner,2.
Kevin Bacon,Dennis Scott,2.
Kevin Bacon,Andy Truschinski,2.
Kevin Bacon,Monica Hernandez,2.
Kevin Bacon,Alejandro Naranjo,2.
Kevin Bacon,Bill Ferguson,2.
Kevin Bacon,Kc Strubbe,2.
Kevin Bacon,R. Ben Parker,2.
Kevin Bacon,Antonella Erspamer,2.
Kevin Bacon,Yvette Beaumont,2.
Kevin Bacon,Tim Rose,2.
Kevin Bacon,Claude Caroll,2.
Kevin Bacon,Vic Kuligoski,2.
Kevin Bacon,Calvin Ticknor-Swanson,2.
Kevin Bacon,Gabrielle Perrea,2.
Kevin Bacon,Gabriel Franken,2.
Kevin Bacon,Maria Jacobson,2.
Kevin Bacon,Brendan Brown,2.
Kevin Bacon,Dan MacDonald,2.
Kevin Bacon,Keeley Morris,2.
Kevin Bacon,Thomas John Gallagher,2.
Kevin Bacon,Jeffrey Yonkus,2.
Kevin Bacon,Alex Henderson,2.
Kevin Bacon,Sam Nelson Harris,2.
Kevin Bacon,Ashley Trumbo,2.
Kevin Bacon,Shane Skidmore,2.
Kevin Bacon,Tadhg Devery,2.
Kevin Bacon,Zora Bikangaga,2.
Kevin Bacon,Cesar Perez,2.
Kevin Bacon,Silvia Numidia Vazquez,2.
Kevin Bacon,Josefa Sarsa,2.
Kevin Bacon,Edison Tabaré,2.
Kevin Bacon,Javier Pimentel,2.
Kevin Bacon,Óscar García de Tejada,2.
Kevin Bacon,Lope Gómez Molero,2.
Kevin Bacon,Eduardo Quintana,2.
Kevin Bacon,Thomas Boedy,2.
Kevin Bacon,Rhiannon R. Sauers,2.
Kevin Bacon,Tom Shutter,2.
Kevin Bacon,Emma Lopez,2.
Kevin Bacon,Evan Jones,2.
Kevin Bacon,James Griffith,2.
Kevin Bacon,John Clark,2.
Kevin Bacon,Simon Mutabazi,2.
Kevin Bacon,John Richardson,2.
Kevin Bacon,Joe Duffy,2.
Kevin Bacon,Michael Hughes,2.
Kevin Bacon,Jake Owen,2.
Kevin Bacon,Robert Jacobs,2.
Kevin Bacon,Sandy Webster,2.
Kevin Bacon,Katherine Vansittart,2.
Kevin Bacon,Mel Ciocolato,2.
Kevin Bacon,Carol Hubner,2.
Kevin Bacon,Barnie,2.
Kevin Bacon,James Bell,2.
Kevin Bacon,Yuriy Sardarov,2.
Kevin Bacon,Jayne Lewis,2.
Kevin Bacon,Rosie Mac,2.
Kevin Bacon,Alexander Goldstein,2.
Kevin Bacon,Olivia Killingsworth,2.
Kevin Bacon,Marina Dee,2.
Kevin Bacon,Harry Keitt,2.
Kevin Bacon,Clarence Harris,2.
Kevin Bacon,Joelle Dyson,2.
Kevin Bacon,Carlos Lopez,2.
Kevin Bacon,Don McCloskey,2.
Kevin Bacon,James Smith,2.
Kevin Bacon,Alaina Gonzalez,2.
Kevin Bacon,Michael Connors,2.
Kevin Bacon,Beverley Robinson,2.
Kevin Bacon,David Ross,2.
Kevin Bacon,David Almeida,2.
Kevin Bacon,John Schumann,2.
Kevin Bacon,Clinton Walker,2.
Kevin Bacon,Kristal Theron,2.
Kevin Bacon,Gilda Marx,2.
Kevin Bacon,Rachel Lewis,2.
Kevin Bacon,Torie Martin,2.
Kevin Bacon,Wittchuta Watjanarat,2.
Kevin Bacon,Pitchawat Petchayahon,2.
Kevin Bacon,Matthew Ryder,2.
Kevin Bacon,Nuntiya Thongnoo,2.
Kevin Bacon,Sarah Carter,2.
Kevin Bacon,Brin Berliner,2.
Kevin Bacon,Quinn R. Somasavachai,2.
Kevin Bacon,Siri Schwartzberg,2.
Kevin Bacon,DJ Shy,2.
Kevin Bacon,Kaipo Schwab,2.
Kevin Bacon,R. Ben Parker,2.
Kevin Bacon,William Barkley,2.
Kevin Bacon,Stepan Radina,2.
Kevin Bacon,Andy Watts,2.
Kevin Bacon,Vaughan Sivell,2.
Kevin Bacon,Paul Abell,2.
Kevin Bacon,Glenda Morales,2.
Kevin Bacon,Gerald H. Reynolds,2.
Kevin Bacon,Jane Harte,2.
Kevin Bacon,Sandy Velasco,2.
Kevin Bacon,Pino Ferrara,2.
Kevin Bacon,Aaron King,2.
Kevin Bacon,Alexander Winters,2.
Kevin Bacon,Kate Shepherd,2.
Kevin Bacon,Dres Reid,2.
Kevin Bacon,Raymond Chacon,2.
Kevin Bacon,Renée King,2.
Kevin Bacon,Justin C. Todd,2.
Kevin Bacon,Jesse Kinser,2.
Kevin Bacon,Bob Goen,2.
Kevin Bacon,Adel Odai,2.
Kevin Bacon,Shukraya Maran,2.
Kevin Bacon,James Gifford,2.
Kevin Bacon,Tina Nguyen,2.
Kevin Bacon,Brian Law,2.
Kevin Bacon,Sam Robinson,2.
Kevin Bacon,Michael Lardie,2.
Kevin Bacon,Kim Sylver,2.
Kevin Bacon,Elizabeth Harlow,2.
Kevin Bacon,Cordelia Reynolds,2.
Kevin Bacon,Roberto Medina,2.
Kevin Bacon,Brad Tanner,2.
Kevin Bacon,Kalista Wilson,2.
Kevin Bacon,Stephen Ellis,2.
Kevin Bacon,Stasi Glenn Farbes,2.
Kevin Bacon,Courtney Eaton,2.
Kevin Bacon,Kelly Burke,2.
Kevin Bacon,Theara Ward,2.
Kevin Bacon,Rogers Simon,2.
Kevin Bacon,Rion Johnson,2.
Kevin Bacon,Aaron Blackshear,2.
Kevin Bacon,Nilyne Fields,2.
Kevin Bacon,Rudi Bascomb,2.
Kevin Bacon,Muhammad Parks,2.
Kevin Bacon,Chinere Parry,2.
Kevin Bacon,Ian Quiles,2.
Kevin Bacon,Jasmine Smith,2.
Kevin Bacon,Valentino Smith,2.
Kevin Bacon,Simon Do-Ley,2.
Kevin Bacon,Bill Goldberg,2.
Kevin Bacon,Ralph Cooper Sr.,2.
Kevin Bacon,Christian J. Dacosta,2.
Kevin Bacon,Terry Hodges,2.
Kevin Bacon,Zaahir Muhammad,2.
Kevin Bacon,Rich Gordon,2.
Kevin Bacon,Reggie Pittman,2.
Kevin Bacon,Patrick Rickman,2.
Kevin Bacon,Gerald Brazel,2.
Kevin Bacon,Shaun O'Neil,2.
Kevin Bacon,Joe Fitos,2.
Kevin Bacon,William Swinton,2.
Kevin Bacon,Amelia Mimi Walker,2.
Kevin Bacon,Kiki Della Vecchia,2.
Kevin Bacon,Jay Charbonneau,2.
Kevin Bacon,Mike Farley,2.
Kevin Bacon,Martaleah Jackson,2.
Kevin Bacon,LaToyah Bigelow,2.
Kevin Bacon,Benjamin Atwell,2.
Kevin Bacon,Peter Dunn,2.
Kevin Bacon,Dion Smack Jr.,2.
Kevin Bacon,Darnell Smith,2.
Kevin Bacon,TaiNesha Scott,2.
Kevin Bacon,Chelsea Counts,2.
Kevin Bacon,Chela Counts,2.
Kevin Bacon,Natalie Clanton,2.
Kevin Bacon,Jessica Givens,2.
Kevin Bacon,Brian Wilson,2.
Kevin Bacon,Daniel Shaw,2.
Kevin Bacon,Anne Dake,2.
Kevin Bacon,David Chen,2.
Kevin Bacon,Richard Ingram,2.
Kevin Bacon,Bob Wetzel,2.
Kevin Bacon,Graham Nash,2.
Kevin Bacon,Meda Thomas,2.
Kevin Bacon,James Gaiero,2.
Kevin Bacon,Beverly Hecht,2.
Kevin Bacon,Zsanné Pitta,2.
Kevin Bacon,Mark Evans,2.
Kevin Bacon,Tom Wright,2.
Kevin Bacon,Cornel West,2.
Kevin Bacon,George Tapia,2.
Kevin Bacon,Emaline Green,2.
Kevin Bacon,Douglass Bowen Flynn,2.
Kevin Bacon,Jay Galloway,2.
Kevin Bacon,Jack Wetherall,2.
Kevin Bacon,Aaron Paul,2.
Kevin Bacon,Adrian Snow,2.
Kevin Bacon,Stuart Crawford Hult,2.
Kevin Bacon,Joseph Kelly,2.
Kevin Bacon,Sam Anderson,2.
Kevin Bacon,Isha Manna Beck,2.
Kevin Bacon,Dana Elcar,2.
Kevin Bacon,Tony Cummings,2.
Kevin Bacon,Thomas Drewson,2.
Kevin Bacon,Alex Black,2.
Kevin Bacon,Cameron Crighton,2.
Kevin Bacon,Francine Simmons,2.
Kevin Bacon,Justin Kelly,2.
Kevin Bacon,Joseph Weiland,2.
Kevin Bacon,Ahmed Khalil,2.
Kevin Bacon,Charles Ferber,2.
Kevin Bacon,Hannah Weiland,2.
Kevin Bacon,Michael Charles,2.
Kevin Bacon,Kwannapa Reuangsri,2.
Kevin Bacon,Verapol Jantrong,2.
Kevin Bacon,Michael Hunter,2.
Kevin Bacon,Armando Hernández,2.
Kevin Bacon,Bella Weiland,2.
Kevin Bacon,Michael Gould,2.
Kevin Bacon,Pongpisut Pueon,2.
Kevin Bacon,Daniel Dresner,2.
Kevin Bacon,Sam Marzell,2.
Kevin Bacon,Adam Nickels,2.
Kevin Bacon,Gail Stone,2.
Kevin Bacon,Rosella Emanuell,2.
Kevin Bacon,Robert Bennett,2.
Kevin Bacon,James Mason,2.
Kevin Bacon,Amanda Spencer,2.
Kevin Bacon,Ali Giron,1.
Kevin Bacon,Reginald Farmer,1.